Model,R-sqrd
Random Forest,0.8527229671477934
GradientBoost,0.9275600116217014
Polynomial,-0.9586876241078814
SVM,-0.031467400739012774
KNN,0.2537840776884078
